"","artist","title","album","year"
"1","Marvin Gaye","Let Your Conscience Be Your Guide","The Soulful Moodsof Marvin Gaye","1961"
"2","Marvin Gaye","Sandman","Greatest Hits","1962"
"3","Marvin Gaye","Soldier's Plea","That StubbornKinda Fellow","1962"
"4","Marvin Gaye","Stubborn Kind of Fellow","That StubbornKinda Fellow","1962"
"5","Marvin Gaye","Hitch Hike","That StubbornKinda Fellow","1962"
"6","Marvin Gaye","Pride and Joy","That StubbornKinda Fellow","1963"
"7","Marvin Gaye","Can I Get a Witness","Greatest Hits","1963"
"8","Marvin Gaye","You're a Wonderful One","How Sweet It Is to Be Loved by You","1964"
"9","Marvin Gaye","Once Upon a Time","Together","1964"
"10","Marvin Gaye","What's the Matter with You Baby","Together","1964"
"11","Marvin Gaye","Try It Baby","How Sweet It Isto Be Loved by You","1964"
"12","Marvin Gaye","Baby Don't You Do It","How Sweet It Isto Be Loved by You","1964"
"13","Marvin Gaye","What Good Am I Without You","Take Two","1964"
"14","Marvin Gaye","How Sweet It Is","How Sweet It Isto Be Loved by You","1964"
"15","Marvin Gaye","I'll Be Doggone","Moods of Marvin Gaye","1965"
"16","Marvin Gaye","Pretty Little Baby","Greatest Hits, Vol. 2","1965"
"17","Marvin Gaye","Ain't That Peculiar","Moods of Marvin Gaye","1965"
"18","Marvin Gaye","One More Heartache","Moods of Marvin Gaye","1966"
"19","Marvin Gaye","Take This Heart of Mine","Moods of Marvin Gaye","1966"
"20","Marvin Gaye","Little Darling","Moods of Marvin Gaye","1966"
"21","Marvin Gaye","It Takes Two","Take Two","1966"
"22","Marvin Gaye","Ain't No Mountain High Enough","United","1967"
"23","Marvin Gaye","Your Unchanging Love","Moods of Marvin Gaye","1967"
"24","Marvin Gaye","Your Precio","United","1967"
"25","Marvin Gaye","If I Could Build My Whole World Around You","United","1967"
"26","Marvin Gaye","You","In the Groove","1967"
"27","Marvin Gaye","Ain't Nothing Like the Real Thing","You're All I Need","1968"
"28","Marvin Gaye","You're All I Need to Get By","You're All I Need","1968"
"29","Marvin Gaye","Chained","In the Groove","1968"
"30","Marvin Gaye","Keep On Lovin' Me Honey","You're All I Need","1968"
"31","Marvin Gaye","His Eye Is on the Sparrow","In Loving Memory","1968"
"32","Marvin Gaye","I Heard It Through the Grapevine","In the Groove","1968"
"33","Marvin Gaye","Good Lovin' Ain't Easy to Come By","Easy","1969"
"34","Marvin Gaye","Too Busy Thinking About My Baby","M.P.G.","1969"
"35","Marvin Gaye","That's the Way Love Is","M.P.G. / That's the Way Love Is","1969"
"36","Marvin Gaye","What You Gave Me","Easy","1969"
"37","Marvin Gaye","How Can I Forget","That's the Way Love Is","1970"
"38","Marvin Gaye","The Onion Song","Easy","1970"
"39","Marvin Gaye","Abraham, Martin and John","That's the Way Love Is","1970"
"40","Marvin Gaye","The End of Our Road","M.P.G.","1970"
"41","Marvin Gaye","What's Going On","What's Going On","1971"
"42","Marvin Gaye","Mercy Mercy Me","What's Going On","1971"
"43","Marvin Gaye","Inner City Blues","What's Going On","1971"
"44","Marvin Gaye","Save the Children","What's Going On","1971"
"45","Marvin Gaye","You're the Man","You're the Man","1972"
"46","Marvin Gaye","Trouble Man","Trouble Man","1972"
"47","Marvin Gaye","I Want to Come Home for Christmas","Non-album single","1972"
"48","Marvin Gaye","Let's Get It On","Let's Get It On","1973"
"49","Marvin Gaye","You're a Special Part of Me","Diana & Marvin","1973"
"50","Marvin Gaye","Stop, Look, Listen","Diana & Marvin","1973"
"51","Marvin Gaye","Come Get to This","Let's Get It On","1973"
"52","Marvin Gaye","You Sure Love to Ball","Let's Get It On","1974"
"53","Marvin Gaye","My Mistake","Diana & Marvin","1974"
"54","Marvin Gaye","You Are Everything","Diana & Marvin","1974"
"55","Marvin Gaye","Don't Knock My Love","Diana & Marvin","1974"
"56","Marvin Gaye","Distant Lover","Marvin Gaye Live!","1974"
"57","Marvin Gaye","I Want You","I Want You","1976"
"58","Marvin Gaye","After the Dance","I Want You","1976"
"59","Marvin Gaye","Got to Give It Up","Live at theLondon Palladium","1977"
"60","Marvin Gaye","Pops, We Love You","""Pops We Love You""...The Album","1978"
"61","Marvin Gaye","A Funky Space Reincarnation","Here, My Dear","1979"
"62","Marvin Gaye","Anger","Here, My Dear","1979"
"63","Marvin Gaye","Ego Tripping Out","In Our Lifetime","1979"
"64","Marvin Gaye","Praise","In Our Lifetime","1981"
"65","Marvin Gaye","Heavy Love Affair","In Our Lifetime","1981"
"66","Marvin Gaye","Sexual Healing","Midnight Love","1982"
"67","Marvin Gaye","My Love Is Waiting","Midnight Love","1983"
"68","Marvin Gaye","'Til Tomorrow","Midnight Love","1983"
"69","Marvin Gaye","Joy","Midnight Love","1983"
"70","Marvin Gaye","Sanctified Lady","Dream of a Lifetime","1985"
"71","Marvin Gaye","It's Madness","Dream of a Lifetime","1985"
"72","Marvin Gaye","Just Like","Romantically Yours","1985"
"73","Marvin Gaye","I Heard it Through the Grapevine","Motown RemembersMarvin Gaye","1986"
"74","Marvin Gaye","The World Is Rated X","Motown RemembersMarvin Gaye","1986"
"75","Marvin Gaye","My Last Chance","The Marvin GayeCollection","1991"
"76","Marvin Gaye","Lucky, Lucky Me","The Very Best ofMarvin Gaye","1994"
"77","Marvin Gaye","This Love Starved Heart of Mine","Love Starved HeartRare and Unreleased","1995"
"78","Marvin Gaye","Music","Music","2001"
"79","Marvin Gaye","I'm Hot","Music","2001"
"80","Marvin Gaye","Let's Get It On","Non-album singles","2005"
"81","Marvin Gaye","Ain't No Mountain High Enough","Non-album singles","2013"
"82","Marvin Gaye","Sexual Healing","Non-album singles","2015"
"83","The Beach Boys","Don't Worry Baby (from Shut D","All Summer Long","1964"
"84","The Beach Boys","Monster M","Beach Boys Concert","1965"
"85","The Beach Boys","Wake the W","Non-album track","1968"
"86","The Beach Boys","Never Learn N","20/20","1968"
"87","The Beach Boys","—","","""—"" denotes a release that did not chart, was not released in the country or the information is unknown
(* - US Record World chart data incomplete for early 1964)"
"88","The Beach Boys","Add Some Music to Your Day","Sunflower","1970"
"89","The Beach Boys","Susie Cincinnati","Sunflower","1970"
"90","The Beach Boys","Cottonfields","Non-album single","1970"
"91","The Beach Boys","The Nearest Faraway Place","Non-album single","1970"
"92","The Beach Boys","Slip On Through This Whole World","Sunflower","1970"
"93","The Beach Boys","Tears in the Morning It's About Time","Sunflower","1970"
"94","The Beach Boys","Cool, Cool Water Forever","Sunflower","1971"
"95","The Beach Boys","Wouldn't It Be Nice The Times They Are A Changin'","Celebration - The Big Sur Folk Festival 1970","1971"
"96","The Beach Boys","Long Promised Road","Surf's Up","1971"
"97","The Beach Boys","Deirdre 'Til I Die","Surf's Up","1971"
"98","The Beach Boys","Student Demonstration Time","Surf's Up","1971"
"99","The Beach Boys","Don't Go Near the Water","Surf's Up","1971"
"100","The Beach Boys","Surf's Up","Surf's Up","1971"
"101","The Beach Boys","You Need a Mess of Help to Stand Alone","Carl and the Passions - So Tough","1972"
"102","The Beach Boys","Cuddle Up","Carl and the Passions - So Tough","1972"
"103","The Beach Boys","Marcella Hold On Dear Brother","Carl and the Passions - So Tough","1972"
"104","The Beach Boys","Sail On, SailorOnly with You","Holland","1973"
"105","The Beach Boys","California Saga: California","Holland","1973"
"106","The Beach Boys","Funky Pretty","Holland","1973"
"107","The Beach Boys","Surfin' USA","Endless Summer","1974"
"108","The Beach Boys","The Warmth of the Sun","Endless Summer","1974"
"109","The Beach Boys","Child of Winter","Non-album track","1974"
"110","The Beach Boys","Little Honda","Spirit of America","1975"
"111","The Beach Boys","Hawaii","Spirit of America","1975"
"112","The Beach Boys","Rock and Roll Music TM Song","15 Big Ones","1976"
"113","The Beach Boys","It's O.K.","15 Big Ones","1976"
"114","The Beach Boys","Had to Phone Ya","15 Big Ones","1976"
"115","The Beach Boys","Everyone's in Love with You","15 Big Ones","1976"
"116","The Beach Boys","Honkin' Down the Highway Solar System","The Beach Boys Love You","1977"
"117","The Beach Boys","Peggy Sue Hey Little Tomboy","M.I.U. Album","1978"
"118","The Beach Boys","Here Comes the Night Baby Blue","L.A. (Light Album)","1979"
"119","The Beach Boys","Good Timin' Love Surrounds Me","L.A. (Light Album)","1979"
"120","The Beach Boys","Lady Lynda","L.A. (Light Album)","1979"
"121","The Beach Boys","Full Sail","L.A. (Light Album)","1979"
"122","The Beach Boys","It's a Beautiful Day Sumahama )","Americathon (soundtrack)","1979"
"123","The Beach Boys","Goin' On","Keepin' the Summer Alive","1980"
"124","The Beach Boys","Endless Harmony","Keepin' the Summer Alive","1980"
"125","The Beach Boys","Livin' with a Heartache","Keepin' the Summer Alive","1980"
"126","The Beach Boys","Santa Ana Winds","Keepin' the Summer Alive","1980"
"127","The Beach Boys","Keepin' the Summer Alive","Keepin' the Summer Alive","1980"
"128","The Beach Boys","When Girls Get Together","Keepin' the Summer Alive","1980"
"129","The Beach Boys","The Beach Boys Medley","Sunshine Dream","1981"
"130","The Beach Boys","God Only Knows","Sunshine Dream","1981"
"131","The Beach Boys","Come Go with Me","M.I.U. Album","1981"
"132","The Beach Boys","Don't Go Near the Water","M.I.U. Album","1981"
"133","The Beach Boys","East Meets West Rhapsody","Non-album track","1984"
"134","The Beach Boys","Getcha Back","The Beach Boys","1985"
"135","The Beach Boys","Male Ego","The Beach Boys","1985"
"136","The Beach Boys","It's Gettin' Late","The Beach Boys","1985"
"137","The Beach Boys","It's OK","The Beach Boys","1985"
"138","The Beach Boys","She Believes in Love Again","The Beach Boys","1985"
"139","The Beach Boys","It's Just a Matter of Time","The Beach Boys","1985"
"140","The Beach Boys","Passing Friend","The Beach Boys","1985"
"141","The Beach Boys","Rock 'n' Roll to the Rescue","Made in U.S.A.","1986"
"142","The Beach Boys","Good Vibrations","Made in U.S.A.","1986"
"143","The Beach Boys","California Dreamin'","Made in U.S.A.","1986"
"144","The Beach Boys","Lady Liberty","Made in U.S.A.","1986"
"145","The Beach Boys","Wipeout! Crushin'","Still Cruisin'","1987"
"146","The Beach Boys","Happy Endings California Girls","Non-album track","1987"
"147","The Beach Boys","Kokomo Tutti Frutti","Still Cruisin'","1988"
"148","The Beach Boys","Don't Worry Baby Tequila Dreams","Tequila Sunrise (soundtrack)","1988"
"149","The Beach Boys","Still Cruisin'","Still Cruisin'","1989"
"150","The Beach Boys","Kokomo","Still Cruisin'","1989"
"151","The Beach Boys","Somewhere Near Japan","Still Cruisin'","1990"
"152","The Beach Boys","Kokomo","Still Cruisin'","1990"
"153","The Beach Boys","Problem Child","Problem Child (soundtrack)","1990"
"154","The Beach Boys","Crocodile Rock","Two Rooms: Celebrating the Songs of Elton John & Bernie Taupin","1991"
"155","The Beach Boys","California Dreamin'","California Gold: The Very Best of The Beach Boys","1991"
"156","The Beach Boys","Hot Fun in the Summertime","Summer in Paradise","1992"
"157","The Beach Boys","Tears in the Morning","Summer in Paradise","1992"
"158","The Beach Boys","Forever Forever Forever","Summer in Paradise","1992"
"159","The Beach Boys","Under the Boardwalk","Summer in Paradise","1992"
"160","The Beach Boys","Summer in Paradise","Summer in Paradise","1993"
"161","The Beach Boys","Summer of Love","Summer in Paradise","1993"
"162","The Beach Boys","Summer in Paradise I'm Always Here)","Summer in Paradise","1993"
"163","The Beach Boys","I Just Wasn't Made for These Times","Pet Sounds","1996"
"164","The Beach Boys","Wouldn't It Be Nice , Here Today","Pet Sounds","1996"
"165","The Beach Boys","I Can Hear Music Little Deuce Coupe","Stars and Stripes Vol. 1","1996"
"166","The Beach Boys","Help Me, Rhonda","Stars and Stripes Vol. 1","1996"
"167","The Beach Boys","Don't Worry Baby","Stars and Stripes Vol. 1","1996"
"168","The Beach Boys","Long Tall Texan","Stars and Stripes Vol. 1","1996"
"169","The Beach Boys","Little Deuce Coupe","Stars and Stripes Vol. 1","1996"
"170","The Beach Boys","Don't Fight the Sea Friends","A Postcard from California","2011"
"171","The Beach Boys","Cabin Essence","The Smile Sessions","2011"
"172","The Beach Boys","Wonderful","The Smile Sessions","2011"
"173","The Beach Boys","Vega-Tables","The Smile Sessions","2011"
"174","The Beach Boys","Surf's Up","The Smile Sessions","2011"
"175","The Beach Boys","That's Why God Made the Radio","That's Why God Made the Radio","2012"
"176","The Beach Boys","Isn't It Time","That's Why God Made the Radio","2012"
"177","Joni Mitchell","Night in the City","Song to a Seagull","1968"
"178","Joni Mitchell","Chelsea Morning","Clouds","1969"
"179","Joni Mitchell","Big Yellow Taxi","Ladies of the Canyon","1970"
"180","Joni Mitchell","Carey","Blue","1971"
"181","Joni Mitchell","California","Blue","1971"
"182","Joni Mitchell","You Turn Me On, I'm a Radio","For the Roses","1972"
"183","Joni Mitchell","Cold Blue Steel and Sweet Fire","For the Roses","1973"
"184","Joni Mitchell","Raised on Robbery","Court and Spark","1973"
"185","Joni Mitchell","Help Me","Court and Spark","1974"
"186","Joni Mitchell","Free Man in Paris","Court and Spark","1974"
"187","Joni Mitchell","In France They Kiss on Main Street","The Hissing of Summer Lawns","1976"
"188","Joni Mitchell","Coyote","Hejira","1977"
"189","Joni Mitchell","Off Night Backstreet","Don Juan's Reckless Daughter","1978"
"190","Joni Mitchell","Jericho","Don Juan's Reckless Daughter","1978"
"191","Joni Mitchell","The Dry Cleaner from Des Moines","Mingus","1979"
"192","Joni Mitchell","Why Do Fools Fall in Love","Shadows and Light","1980"
"193","Joni Mitchell","Baby I Don't Care","Wild Things Run Fast","1982"
"194","Joni Mitchell","Chinese Café","Wild Things Run Fast","1983"
"195","Joni Mitchell","Underneath The Streetlight","Wild Things Run Fast","1983"
"196","Joni Mitchell","Good Friends","Dog Eat Dog","1985"
"197","Joni Mitchell","Shiny Toys","Dog Eat Dog","1986"
"198","Joni Mitchell","My Secret Place","Chalk Mark in a Rain Storm","1988"
"199","Joni Mitchell","Snakes and Ladders","Chalk Mark in a Rain Storm","1988"
"200","Joni Mitchell","Cool Water","Chalk Mark in a Rain Storm","1988"
"201","Joni Mitchell","Night Ride Home","Night Ride Home","1991"
"202","Joni Mitchell","Come in from the Cold","Night Ride Home","1991"
"203","Joni Mitchell","How Do You Stop","Turbulent Indigo","1994"
"204","Joni Mitchell","Sex Kills","Turbulent Indigo","1994"
"205","Joni Mitchell","Sunny Sunday","Turbulent Indigo","1994"
"206","Joni Mitchell","The Crazy Cries of Love","Taming the Tiger","1998"
"207","Joni Mitchell","Both Sides, Now","Both Sides Now","2000"
"208","Stevie Wonder","I Call It Pretty Music but the Old People Call It the Blues – Part 1","Non-album singles","1962"
"209","Stevie Wonder","Part 2","Non-album singles","1962"
"210","Stevie Wonder","Little Water Boy","Non-album singles","1962"
"211","Stevie Wonder","La La La La La","Non-album singles","1962"
"212","Stevie Wonder","Contract on Love","Up-Tight","1962"
"213","Stevie Wonder","Sunset","Up-Tight","1962"
"214","Stevie Wonder","Fingertips – Part 2","The 12 Year Old Genius – Recorded Live","1963"
"215","Stevie Wonder","Part 1","The 12 Year Old Genius – Recorded Live","1963"
"216","Stevie Wonder","Workout Stevie, Workout","Greatest Hits","1963"
"217","Stevie Wonder","Monkey Talk","Greatest Hits","1963"
"218","Stevie Wonder","Pretty Little Angel","Up-Tight","1964"
"219","Stevie Wonder","Tears in Vain","Up-Tight","1964"
"220","Stevie Wonder","Castles in the Sand","Stevie at the Beach","1964"
"221","Stevie Wonder","Thank You The above seven tracks released as Little Stevie Wonder","Stevie at the Beach","1964"
"222","Stevie Wonder","Hey Harmonica Man","Stevie at the Beach","1964"
"223","Stevie Wonder","This Little Girl","Stevie at the Beach","1964"
"224","Stevie Wonder","Happy Street","Stevie at the Beach","1964"
"225","Stevie Wonder","Sad Boy","Stevie at the Beach","1964"
"226","Stevie Wonder","Kiss Me Baby","Non-album single","1965"
"227","Stevie Wonder","Hi-Heel Sneakers","Recorded Live/Motortown Revue in Paris","1965"
"228","Stevie Wonder","Funny How Time Slips Away Music Talk","Recorded Live/Motortown Revue in Paris","1965"
"229","Stevie Wonder","Uptight","Up-Tight","1965"
"230","Stevie Wonder","Purple Rain Drops","Up-Tight","1965"
"231","Stevie Wonder","Nothing's Too Good for My Baby","Up-Tight","1966"
"232","Stevie Wonder","With a Child's Heart","Up-Tight","1966"
"233","Stevie Wonder","With a Child's Heart b-side of Nothing's Too Good for My Baby","Up-Tight","1966"
"234","Stevie Wonder","Blowin' in the Wind","Up-Tight","1966"
"235","Stevie Wonder","Ain't That Asking for Trouble","Up-Tight","1966"
"236","Stevie Wonder","A Place in the Sun","Down to Earth","1966"
"237","Stevie Wonder","Sylvia","Down to Earth","1966"
"238","Stevie Wonder","Someday at Christmas","Someday at Christmas","1966"
"239","Stevie Wonder","The Miracle of Christmas )","Someday at Christmas","1966"
"240","Stevie Wonder","Travlin' Man","Stevie Wonder's Greatest Hits Vol. 2","1967"
"241","Stevie Wonder","Hey Love","Stevie Wonder's Greatest Hits Vol. 2","1967"
"242","Stevie Wonder","Hey Love b-side of Travelin' Man","Down to Earth","1967"
"243","Stevie Wonder","I Was Made to Love Her","I Was Made to Love Her","1967"
"244","Stevie Wonder","Hold Me","I Was Made to Love Her","1967"
"245","Stevie Wonder","I'm Wondering","Greatest Hits","1967"
"246","Stevie Wonder","Every Time I See You I Go Wild","Greatest Hits","1967"
"247","Stevie Wonder","Shoo-Be-Doo-Be-Doo-Da-Day","For Once in My Life","1968"
"248","Stevie Wonder","Why Don't You Lead Me to Love","For Once in My Life","1968"
"249","Stevie Wonder","You Met Your Match","For Once in My Life","1968"
"250","Stevie Wonder","My Girl","For Once in My Life","1968"
"251","Stevie Wonder","Alfie","Eivets Rednow","1968"
"252","Stevie Wonder","More Than a Dream","Eivets Rednow","1968"
"253","Stevie Wonder","For Once in My Life","For Once in My Life","1968"
"254","Stevie Wonder","Angie Girl","For Once in My Life","1968"
"255","Stevie Wonder","I Don't Know Why","For Once in My Life","1969"
"256","Stevie Wonder","My Cherie Amour","For Once in My Life","1969"
"257","Stevie Wonder","I Don't Know Why from For Once in My Life","My Cherie Amour","1969"
"258","Stevie Wonder","Yester-Me, Yester-You, Yesterday","My Cherie Amour","1969"
"259","Stevie Wonder","I'd Be a Fool Right Now","My Cherie Amour","1969"
"260","Stevie Wonder","Never Had a Dream Come True","Signed, Sealed & Delivered","1970"
"261","Stevie Wonder","Somebody Knows, Somebody Cares","Signed, Sealed & Delivered","1970"
"262","Stevie Wonder","Signed, Sealed, Delivered I'm Yours","Signed, Sealed & Delivered","1970"
"263","Stevie Wonder","I'm More Than Happy","Signed, Sealed & Delivered","1970"
"264","Stevie Wonder","Heaven Help","Signed, Sealed & Delivered","1970"
"265","Stevie Wonder","I Gotta Have a Song","Signed, Sealed & Delivered","1970"
"266","Stevie Wonder","We Can Work It Out","Signed, Sealed & Delivered","1971"
"267","Stevie Wonder","Never Dreamed You'd Leave in Summer","Where I'm Coming From","1971"
"268","Stevie Wonder","If You Really Love Me","Where I'm Coming From","1971"
"269","Stevie Wonder","Think of Me as Your Soldier","Where I'm Coming From","1971"
"270","Stevie Wonder","What Christmas Means to Me","Someday at Christmas","1971"
"271","Stevie Wonder","Bedtime for Toys","Someday at Christmas","1971"
"272","Stevie Wonder","Superwoman","Music of My Mind","1972"
"273","Stevie Wonder","I Love Every Little Thing About You","Music of My Mind","1972"
"274","Stevie Wonder","Keep On Running","Music of My Mind","1972"
"275","Stevie Wonder","Evil","Music of My Mind","1972"
"276","Stevie Wonder","Superstition","Talking Book","1972"
"277","Stevie Wonder","You Got It Bad Girl","Talking Book","1972"
"278","Stevie Wonder","You Are the Sunshine of My Life","Talking Book","1973"
"279","Stevie Wonder","Tuesday Heartbreak","Talking Book","1973"
"280","Stevie Wonder","Higher Ground","Innervisions","1973"
"281","Stevie Wonder","Too High","Innervisions","1973"
"282","Stevie Wonder","Living for the City","Innervisions","1973"
"283","Stevie Wonder","Visions","Innervisions","1973"
"284","Stevie Wonder","Don't You Worry 'bout a Thing","Innervisions","1974"
"285","Stevie Wonder","All in Love Is Fair or Blame It on the Sun","Innervisions","1974"
"286","Stevie Wonder","He's Misstra Know It All","Innervisions","1974"
"287","Stevie Wonder","You Can't Judge a Book by Its Cover","Innervisions","1974"
"288","Stevie Wonder","You Haven't Done Nothin'","Fulfillingness' First Finale","1974"
"289","Stevie Wonder","Big Brother","Fulfillingness' First Finale","1974"
"290","Stevie Wonder","Boogie On Reggae Woman","Fulfillingness' First Finale","1974"
"291","Stevie Wonder","Seems So Long","Fulfillingness' First Finale","1974"
"292","Stevie Wonder","I Wish","Songs in the Key of Life","1976"
"293","Stevie Wonder","You and I","Songs in the Key of Life","1976"
"294","Stevie Wonder","Isn't She Lovely","Songs in the Key of Life","1976"
"295","Stevie Wonder","instrumental version of A-side","Songs in the Key of Life","1976"
"296","Stevie Wonder","Sir Duke","Songs in the Key of Life","1977"
"297","Stevie Wonder","He's Misstra Know-It-All","Songs in the Key of Life","1977"
"298","Stevie Wonder","Another Star","Songs in the Key of Life","1977"
"299","Stevie Wonder","Creepin'","Songs in the Key of Life","1977"
"300","Stevie Wonder","As","Songs in the Key of Life","1977"
"301","Stevie Wonder","Contusion","Songs in the Key of Life","1977"
"302","Stevie Wonder","Pops, We Love You","""Pops We Love You""...The Album(Various Motown artists)","1978"
"303","Stevie Wonder","Instrumental version of A-side","""Pops We Love You""...The Album(Various Motown artists)","1978"
"304","Stevie Wonder","Send One Your Love","Stevie Wonder's Journey Through ""The Secret Life of Plants""","1979"
"305","Stevie Wonder","Black Orchid","Stevie Wonder's Journey Through ""The Secret Life of Plants""","1980"
"306","Stevie Wonder","Blame It on the Sun","Stevie Wonder's Journey Through ""The Secret Life of Plants""","1980"
"307","Stevie Wonder","Outside My Window","Stevie Wonder's Journey Through ""The Secret Life of Plants""","1980"
"308","Stevie Wonder","Same Old Story","Stevie Wonder's Journey Through ""The Secret Life of Plants""","1980"
"309","Stevie Wonder","Master Blaster","Hotter than July","1980"
"310","Stevie Wonder","I Ain't Gonna Stand for It","Hotter than July","1980"
"311","Stevie Wonder","Knocks Me Off My Feet","Hotter than July","1980"
"312","Stevie Wonder","Lately","Hotter than July","1981"
"313","Stevie Wonder","If It's Magic","Hotter than July","1981"
"314","Stevie Wonder","Happy Birthday","Hotter than July","1981"
"315","Stevie Wonder","Sing-along version of A-side","Hotter than July","1981"
"316","Stevie Wonder","Did I Hear You Say You Love Me","Hotter than July","1981"
"317","Stevie Wonder","As If You Read My Mind","Hotter than July","1981"
"318","Stevie Wonder","That Girl","Stevie Wonder's Original Musiquarium I","1982"
"319","Stevie Wonder","All I Do","Stevie Wonder's Original Musiquarium I","1982"
"320","Stevie Wonder","Do I Do","Stevie Wonder's Original Musiquarium I","1982"
"321","Stevie Wonder","Rocket Love","Stevie Wonder's Original Musiquarium I","1982"
"322","Stevie Wonder","Ribbon in the Sky","Stevie Wonder's Original Musiquarium I","1982"
"323","Stevie Wonder","Used to Be","Used to Be(Charlene album)","1982"
"324","Stevie Wonder","I Want to Come Back as a Song*","Used to Be(Charlene album)","1982"
"325","Stevie Wonder","Front Line","Stevie Wonder's Original Musiquarium I","1983"
"326","Stevie Wonder","Instrumental version of A-side","Stevie Wonder's Original Musiquarium I","1983"
"327","Stevie Wonder","I Just Called to Say I Love You","Selections from the Origional Motion Picture Soundtrack ""The Woman in Red""","1984"
"328","Stevie Wonder","Love Light in Flight","Selections from the Origional Motion Picture Soundtrack ""The Woman in Red""","1984"
"329","Stevie Wonder","It's More Than You","Selections from the Origional Motion Picture Soundtrack ""The Woman in Red""","1984"
"330","Stevie Wonder","Don't Drive Drunk","Selections from the Origional Motion Picture Soundtrack ""The Woman in Red""","1984"
"331","Stevie Wonder","Part-Time Lover","In Square Circle","1985"
"332","Stevie Wonder","Go Home","In Square Circle","1985"
"333","Stevie Wonder","Overjoyed","In Square Circle","1986"
"334","Stevie Wonder","Land of La La","In Square Circle","1986"
"335","Stevie Wonder","Stranger on the Shore of Love","In Square Circle","1986"
"336","Stevie Wonder","Skeletons","Characters","1987"
"337","Stevie Wonder","You Will Know","Characters","1987"
"338","Stevie Wonder","Get It","Characters","1987"
"339","Stevie Wonder","My Eyes Don't Cry","Characters","1988"
"340","Stevie Wonder","With Each Beat of My Heart","Characters","1989"
"341","Stevie Wonder","Free","Characters","1989"
"342","Stevie Wonder","Keep Our Love Alive","Non-album single","1990"
"343","Stevie Wonder","Instrumental version of A-side","Non-album single","1990"
"344","Stevie Wonder","Gotta Have You","Jungle Fever: Music from the Movie","1991"
"345","Stevie Wonder","Feeding Off the Love of the Land","Jungle Fever: Music from the Movie","1991"
"346","Stevie Wonder","Fun Day","Jungle Fever: Music from the Movie","1991"
"347","Stevie Wonder","These Three Words","Jungle Fever: Music from the Movie","1991"
"348","Stevie Wonder","instrumental","Jungle Fever: Music from the Movie","1991"
"349","Stevie Wonder","For Your Love","Conversation Peace","1995"
"350","Stevie Wonder","Tomorrow Robins Will Sing","Conversation Peace","1995"
"351","Stevie Wonder","Treat Myself","Conversation Peace","1995"
"352","Stevie Wonder","Kiss Lonely Good-Bye","The Adventures of Pinocchio soundtrack","1996"
"353","Stevie Wonder","How Come, How Long","The Day(Babyface album)","1997"
"354","Stevie Wonder","Every Time I Close My Eyes","The Day(Babyface album)","1997"
"355","Stevie Wonder","True to Your Heart","Mulan: An Original Walt Disney Records Soundtrack","1998"
"356","Stevie Wonder","To Feel the Fire","non-album single[60]","1998"
"357","Stevie Wonder","So What the Fuss","A Time to Love","2005"
"358","Stevie Wonder","Positivity","A Time to Love","2005"
"359","Stevie Wonder","From the Bottom of My Heart","A Time to Love","2006"
"360","Stevie Wonder","Shelter in the Rain","A Time to Love","2006"
"361","Stevie Wonder","All About the Love Again","Change Is Now: Renewing America's Promise","2009"
"362","Stevie Wonder","Faith","Sing: Original Motion Picture Soundtrack","2016"
"363","Stevie Wonder","Real Love","Non-album singles","2020"
"364","Stevie Wonder","Where Is Our Love Song","Non-album singles","2020"
"365","Stevie Wonder","Can't Put It in the Hands of Fate","Non-album singles","2020"
"366","Stevie Wonder","Don't Make Me Wait Too Long","Non-album singles","2023"
"367","Stevie Wonder","Can We Fix Our Nation's Broken Heart","Non-album singles","2024"
"368","The Beatles","My Bonnie",NA,"1962"
"369","The Beatles","The Saints",NA,"1962"
"370","The Beatles","Love Me Do",NA,"1962"
"371","The Beatles","P.S. I Love You",NA,"1962"
"372","The Beatles","Please Please Me",NA,"1963"
"373","The Beatles","Ask Me Why",NA,"1963"
"374","The Beatles","From Me to You",NA,"1963"
"375","The Beatles","Thank You Girl",NA,"1963"
"376","The Beatles","She Loves You",NA,"1963"
"377","The Beatles","I'll Get You",NA,"1963"
"378","The Beatles","I Want to Hold Your Hand",NA,"1963"
"379","The Beatles","This Boy",NA,"1963"
"380","The Beatles","Roll Over Beethoven",NA,"1963"
"381","The Beatles","Please Mister Postman",NA,"1963"
"382","The Beatles","Misery",NA,"1963"
"383","The Beatles","Ask Me WhyEuropean single",NA,"1963"
"384","The Beatles","I Saw Her Standing There",NA,"1963"
"385","The Beatles","Sweet Georgia Brown",NA,"1964"
"386","The Beatles","Nobody's Child",NA,"1964"
"387","The Beatles","All My Loving",NA,"1964"
"388","The Beatles","WhyCry for a Shadow",NA,"1964"
"389","The Beatles","Twist and Shout",NA,"1964"
"390","The Beatles","There's a Place",NA,"1964"
"391","The Beatles","Komm, gib mir deine HandSie liebt dichGerman single on Odeon",NA,"1964"
"392","The Beatles","Can't Buy Me Love",NA,"1964"
"393","The Beatles","You Can't Do That",NA,"1964"
"394","The Beatles","Do You Want to Know a Secret",NA,"1964"
"395","The Beatles","Sie liebt dich",NA,"1964"
"396","The Beatles","Ain't She Sweet",NA,"1964"
"397","The Beatles","If You Love Me, Baby",NA,"1964"
"398","The Beatles","Take Out Some Insurance on Me, Baby",NA,"1964"
"399","The Beatles","A Hard Day's Night",NA,"1964"
"400","The Beatles","Things We Said Today",NA,"1964"
"401","The Beatles","I Should Have Known Better",NA,"1964"
"402","The Beatles","I'll Cry Instead",NA,"1964"
"403","The Beatles","I'm Happy Just to Dance with You",NA,"1964"
"404","The Beatles","And I Love Her",NA,"1964"
"405","The Beatles","If I Fell",NA,"1964"
"406","The Beatles","Matchbox",NA,"1964"
"407","The Beatles","Slow Down",NA,"1964"
"408","The Beatles","I Feel Fine",NA,"1964"
"409","The Beatles","She's a Woman",NA,"1964"
"410","The Beatles","Tell Me Why",NA,"1964"
"411","The Beatles","Eight Days a Week",NA,"1965"
"412","The Beatles","I Don't Want to Spoil the Party",NA,"1965"
"413","The Beatles","Ticket to Ride",NA,"1965"
"414","The Beatles","Yes It Is",NA,"1965"
"415","The Beatles","Rock and Roll Music",NA,"1965"
"416","The Beatles","I'm a LoserEuropean single",NA,"1965"
"417","The Beatles","No Reply",NA,"1965"
"418","The Beatles","Rock and Roll MusicEuropean single",NA,"1965"
"419","The Beatles","Help!",NA,"1965"
"420","The Beatles","I'm Down",NA,"1965"
"421","The Beatles","Yesterday",NA,"1965"
"422","The Beatles","Act Naturally",NA,"1965"
"423","The Beatles","I'll Follow the Sun",NA,"1965"
"424","The Beatles","I Don't Want to Spoil the PartyEuropean single",NA,"1965"
"425","The Beatles","Boys",NA,"1965"
"426","The Beatles","Kansas City/Hey, Hey, Hey, Hey",NA,"1965"
"427","The Beatles","We Can Work It Out",NA,"1965"
"428","The Beatles","Day Tripper",NA,"1965"
"429","The Beatles","Michelle",NA,"1966"
"430","The Beatles","GirlEuropean single",NA,"1966"
"431","The Beatles","Nowhere Man",NA,"1966"
"432","The Beatles","What Goes On",NA,"1966"
"433","The Beatles","Paperback Writer",NA,"1966"
"434","The Beatles","Rain",NA,"1966"
"435","The Beatles","Yellow Submarine",NA,"1966"
"436","The Beatles","Eleanor Rigby",NA,"1966"
"437","The Beatles","Penny Lane",NA,"1967"
"438","The Beatles","Strawberry Fields Forever",NA,"1967"
"439","The Beatles","All You Need Is Love",NA,"1967"
"440","The Beatles","Baby, You're a Rich Man",NA,"1967"
"441","The Beatles","Hello, Goodbye",NA,"1967"
"442","The Beatles","I Am the Walrus",NA,"1967"
"443","The Beatles","Lady Madonna",NA,"1968"
"444","The Beatles","The Inner Light",NA,"1968"
"445","The Beatles","Hey Jude",NA,"1968"
"446","The Beatles","Revolution",NA,"1968"
"447","The Beatles","Ob-La-Di, Ob-La-Da",NA,"1968"
"448","The Beatles","While My Guitar Gently WeepsEuropean single on Apple",NA,"1968"
"449","The Beatles","Get Back",NA,"1969"
"450","The Beatles","Don't Let Me Down",NA,"1969"
"451","The Beatles","The Ballad of John and Yoko",NA,"1969"
"452","The Beatles","Old Brown Shoe",NA,"1969"
"453","The Beatles","SomethingCome Together",NA,"1969"
"454","The Beatles","Let It Be",NA,"1970"
"455","The Beatles","You Know My Name",NA,"1970"
"456","The Beatles","The Long and Winding Road",NA,"1970"
"457","The Beatles","For You Blue",NA,"1970"
"458","The Beatles","All Together NowHey BulldogEuropean single on Apple",NA,"1972"
"459","The Beatles","Got to Get You into My Life",NA,"1976"
"460","The Beatles","Helter Skelter",NA,"1976"
"461","The Beatles","Back in the U.S.S.R.",NA,"1976"
"462","The Beatles","Julia",NA,"1976"
"463","The Beatles","Sgt. Pepper's Lonely Hearts Club Band / With a Little Help from My Friends",NA,"1978"
"464","The Beatles","A Day in the Life",NA,"1978"
"465","The Beatles","The Beatles Movie Medley",NA,"1982"
"466","The Beatles","Baby It's You",NA,"1995"
"467","The Beatles","Free as a Bird",NA,"1995"
"468","The Beatles","Christmas Time",NA,"1995"
"469","The Beatles","Real Love",NA,"1996"
"470","The Beatles","Baby's in Black",NA,"1996"
"471","The Beatles","Now and Then",NA,"2023"
"472","Nirvana","Love Buzz","Bleach","1988"
"473","Nirvana","Sliver","Non-album single","1990"
"474","Nirvana","Smells Like Teen Spirit","Nevermind","1991"
"475","Nirvana","Come as You Are","Nevermind","1992"
"476","Nirvana","Lithium","Nevermind","1992"
"477","Nirvana","In Bloom","Nevermind","1992"
"478","Nirvana","Heart-Shaped Box","In Utero","1993"
"479","Nirvana","All Apologies/Rape Me","In Utero","1993"
"480","Nirvana","Pennyroyal Tea","In Utero","1994"
"481","Nirvana","About a Girl","MTV Unplugged in New York","1994"
"482","Nirvana","You Know You're Right","Nirvana","2002"
"483","Fleetwood Mac","I Believe My Time Ain't Long","Non-album singles","1967"
"484","Fleetwood Mac","Black Magic Woman","Non-album singles","1968"
"485","Fleetwood Mac","Shake Your Moneymaker","Fleetwood Mac (1968)","1968"
"486","Fleetwood Mac","Need Your Love So Bad","Non-album singles","1968"
"487","Fleetwood Mac","Albatross","Non-album singles","1968"
"488","Fleetwood Mac","Man of the World","Non-album singles","1969"
"489","Fleetwood Mac","Oh Well","Non-album singles","1969"
"490","Fleetwood Mac","Rattlesnake Shake","Then Play On","1969"
"491","Fleetwood Mac","The Green Manalishi","Non-album singles","1970"
"492","Fleetwood Mac","Tell Me All the Things You Do","Kiln House","1970"
"493","Fleetwood Mac","Jewel Eyed Judy","Kiln House","1971"
"494","Fleetwood Mac","Dragonfly","Non-album single","1971"
"495","Fleetwood Mac","Sands of Time","Future Games","1971"
"496","Fleetwood Mac","Sentimental Lady","Bare Trees","1972"
"497","Fleetwood Mac","Remember Me","Penguin","1973"
"498","Fleetwood Mac","Did You Ever Love Me","Penguin","1973"
"499","Fleetwood Mac","For Your Love","Mystery to Me","1973"
"500","Fleetwood Mac","Heroes Are Hard to Find","Heroes Are Hard to Find","1974"
"501","Fleetwood Mac","Over My Head","Fleetwood Mac (1975)","1975"
"502","Fleetwood Mac","Warm Ways","Fleetwood Mac (1975)","1975"
"503","Fleetwood Mac","Rhiannon","Fleetwood Mac (1975)","1976"
"504","Fleetwood Mac","Say You Love Me","Fleetwood Mac (1975)","1976"
"505","Fleetwood Mac","Go Your Own Way","Rumours","1976"
"506","Fleetwood Mac","Dreams","Rumours","1977"
"507","Fleetwood Mac","Don't Stop","Rumours","1977"
"508","Fleetwood Mac","You Make Loving Fun","Rumours","1977"
"509","Fleetwood Mac","Tusk","Tusk","1979"
"510","Fleetwood Mac","Sara","Tusk","1979"
"511","Fleetwood Mac","Not That Funny","Tusk","1980"
"512","Fleetwood Mac","Think About Me","Tusk","1980"
"513","Fleetwood Mac","Sisters of the Moon","Tusk","1980"
"514","Fleetwood Mac","Angel","Tusk","1980"
"515","Fleetwood Mac","Fireflies","Live","1981"
"516","Fleetwood Mac","The Farmer's Daughter","Live","1981"
"517","Fleetwood Mac","Hold Me","Mirage","1982"
"518","Fleetwood Mac","Gypsy","Mirage","1982"
"519","Fleetwood Mac","Love in Store","Mirage","1982"
"520","Fleetwood Mac","Oh Diane","Mirage","1982"
"521","Fleetwood Mac","Can't Go Back","Mirage","1983"
"522","Fleetwood Mac","Big Love","Tango in the Night","1987"
"523","Fleetwood Mac","Seven Wonders","Tango in the Night","1987"
"524","Fleetwood Mac","Little Lies","Tango in the Night","1987"
"525","Fleetwood Mac","Everywhere","Tango in the Night","1987"
"526","Fleetwood Mac","Family Man","Tango in the Night","1987"
"527","Fleetwood Mac","Isn't It Midnight","Tango in the Night","1988"
"528","Fleetwood Mac","As Long as You Follow","Greatest Hits","1988"
"529","Fleetwood Mac","Save Me","Behind the Mask","1990"
"530","Fleetwood Mac","Love Is Dangerous","Behind the Mask","1990"
"531","Fleetwood Mac","Skies the Limit","Behind the Mask","1990"
"532","Fleetwood Mac","In the Back of My Mind","Behind the Mask","1990"
"533","Fleetwood Mac","Hard Feelings","Behind the Mask","1990"
"534","Fleetwood Mac","Love Shines","25 Years – The Chain","1992"
"535","Fleetwood Mac","Paper Doll","25 Years – The Chain","1992"
"536","Fleetwood Mac","I Do","Time","1995"
"537","Fleetwood Mac","Silver Springs","The Dance","1997"
"538","Fleetwood Mac","Temporary One","The Dance","1997"
"539","Fleetwood Mac","The Chain","The Dance","1997"
"540","Fleetwood Mac","Landslide","The Dance","1998"
"541","Fleetwood Mac","Peacekeeper","Say You Will","2003"
"542","Fleetwood Mac","Say You Will","Say You Will","2003"
"543","Fleetwood Mac","Sad Angel","Extended Play","2013"
"544","Prince","Soft and Wet","For You","1978"
"545","Prince","Just as Long as We're Together","For You","1978"
"546","Prince","I Wanna Be Your Lover","Prince","1979"
"547","Prince","Why You Wanna Treat Me So Bad?","Prince","1980"
"548","Prince","Still Waiting","Prince","1980"
"549","Prince","Sexy Dancer","Prince","1980"
"550","Prince","Bambi","Prince","1980"
"551","Prince","Uptown","Dirty Mind","1980"
"552","Prince","Head","Dirty Mind","1980"
"553","Prince","Dirty Mind","Dirty Mind","1980"
"554","Prince","Do It All Night","Dirty Mind","1981"
"555","Prince","Gotta Stop","Non-album single","1981"
"556","Prince","Controversy","Controversy","1981"
"557","Prince","Let's Work","Controversy","1981"
"558","Prince","Sexuality","Controversy","1982"
"559","Prince","Do Me, Baby","Controversy","1982"
"560","Prince","1999","1999","1982"
"561","Prince","Little Red Corvette","1999","1983"
"562","Prince","Delirious","1999","1983"
"563","Prince","Let's Pretend We're Married","1999","1983"
"564","Prince","Automatic","1999","1983"
"565","Prince","When Doves Cry","Purple Rain","1984"
"566","Prince","Let's Go Crazy","Purple Rain","1984"
"567","Prince","Purple Rain","Purple Rain","1984"
"568","Prince","I Would Die 4 U","Purple Rain","1984"
"569","Prince","Take Me with U","Purple Rain","1985"
"570","Prince","Raspberry Beret","Around the World in a Day","1985"
"571","Prince","Paisley Park","Around the World in a Day","1985"
"572","Prince","Pop Life","Around the World in a Day","1985"
"573","Prince","America","Around the World in a Day","1985"
"574","Prince","Kiss","Parade","1986"
"575","Prince","Mountains","Parade","1986"
"576","Prince","Anotherloverholenyohead","Parade","1986"
"577","Prince","Girls & Boys","Parade","1986"
"578","Prince","Sign o' the Times","Sign o' the Times","1987"
"579","Prince","If I Was Your Girlfriend","Sign o' the Times","1987"
"580","Prince","U Got the Look","Sign o' the Times","1987"
"581","Prince","I Could Never Take the Place of Your Man","Sign o' the Times","1987"
"582","Prince","Alphabet St.","Lovesexy","1988"
"583","Prince","Glam Slam","Lovesexy","1988"
"584","Prince","I Wish U Heaven","Lovesexy","1988"
"585","Prince","Batdance","Batman","1989"
"586","Prince","Partyman","Batman","1989"
"587","Prince","The Arms of Orion","Batman","1989"
"588","Prince","Scandalous!","Batman","1989"
"589","Prince","The Future","Batman","1990"
"590","Prince","Thieves in the Temple","Graffiti Bridge","1990"
"591","Prince","New Power Generation","Graffiti Bridge","1990"
"592","Prince","Gett Off","Diamonds and Pearls","1991"
"593","Prince","Cream","Diamonds and Pearls","1991"
"594","Prince","Insatiable","Diamonds and Pearls","1991"
"595","Prince","Diamonds and Pearls","Diamonds and Pearls","1991"
"596","Prince","Money Don't Matter 2 Night","Diamonds and Pearls","1992"
"597","Prince","Thunder","Diamonds and Pearls","1992"
"598","Prince","Sexy MF","Love Symbol","1992"
"599","Prince","My Name Is Prince","Love Symbol","1992"
"600","Prince","7","Love Symbol","1992"
"601","Prince","Damn U","Love Symbol","1992"
"602","Prince","The Morning Papers","Love Symbol","1993"
"603","Prince","Pink Cashmere","The Hits/The B-Sides","1993"
"604","Prince","Peach","The Hits/The B-Sides","1993"
"605","Prince","Controversy","The Hits/The B-Sides","1993"
"606","Prince","The Most Beautiful Girl in the World","The Gold Experience","1994"
"607","Prince","Letitgo","Come","1994"
"608","Prince","Space","Come","1994"
"609","Prince","Purple Medley","Non-album single","1995"
"610","Prince","I Hate U","The Gold Experience","1995"
"611","Prince","Gold","The Gold Experience","1995"
"612","Prince","Dinner with Delores","Chaos and Disorder","1996"
"613","Prince","Betcha by Golly Wow!","Emancipation","1996"
"614","Prince","The Holy River","Emancipation","1997"
"615","Prince","The Truth","The Truth","1997"
"616","Prince","1999","1999","1998"
"617","Prince","The Greatest Romance Ever Sold","Rave Un2 the Joy Fantastic","1999"
"618","Prince","U Make My Sun Shine","The Chocolate Invasion","2000"
"619","Prince","When Will We B Paid?","Non-album single","2000"
"620","Prince","Supercute","The Chocolate Invasion","2001"
"621","Prince","The Work, pt. 1","The Rainbow Children","2001"
"622","Prince","Days of Wild","Non-album singles","2002"
"623","Prince","Controversy","Non-album singles","2004"
"624","Prince","Musicology","Musicology","2004"
"625","Prince","Cinnamon Girl","Musicology","2004"
"626","Prince","S.S.T.","Non-album single","2005"
"627","Prince","Te Amo Corazón","3121","2005"
"628","Prince","Black Sweat","3121","2006"
"629","Prince","Fury","3121","2006"
"630","Prince","Guitar","Planet Earth","2007"
"631","Prince","F.U.N.K.","Non-album single","2007"
"632","Prince","Dance 4 Me","MPLSound","2009"
"633","Prince","Extraloveable","Hit n Run Phase Two","2011"
"634","Prince","Rock and Roll Love Affair","Hit n Run Phase Two","2012"
"635","Prince","Screwdriver","Hit n Run Phase Two","2013"
"636","Prince","Fixurlifeup","Plectrumelectrum","2013"
"637","Prince","Breakfast Can Wait","Art Official Age","2013"
"638","Prince","Pretzelbodylogic","Plectrumelectrum","2014"
"639","Prince","Fallinlove2nite","Hit n Run Phase One","2014"
"640","Prince","Breakdown","Art Official Age","2014"
"641","Prince","Baltimore","Hit n Run Phase Two","2015"
"642","Prince","Hardrocklover","Hit n Run Phase One","2015"
"643","Prince","This Could B Us","Hit n Run Phase One","2015"
"644","Prince","Free Urself","Non-album single","2015"
"645","Prince","Nothing Compares 2 U","Originals","2018"
"646","Prince","Mary Don't You Weep","Piano and a Microphone 1983","2018"
"647","Prince","Rock 'n' Roll Is Alive!","Non-album single","2019"
"648","Prince","Holly Rock","Originals","2019"
"649","Prince","I Feel for You","Non-album single","2019"
"650","Prince","Sign o' the Times","Sign o' the Times Deluxe","2020"
"651","Prince","Welcome 2 America","Welcome 2 America","2021"
"652","Prince","Do Me, Baby","Non-album single","2021"
"653","Prince","Diamonds and Pearls","Diamonds and Pearls Deluxe","2022"
"654","Prince","All a Share Together Now","Non-album singles","2023"
"655","Prince","7","Non-album singles","2023"
"656","Prince","Alice Through the Looking Glass","Diamonds and Pearls Deluxe","2023"
"657","Prince","Insatiable","Diamonds and Pearls Deluxe","2023"
"658","Prince","Get Blue","Diamonds and Pearls Deluxe","2023"
"659","Prince","Live 4 Love","Diamonds and Pearls Deluxe","2023"
"660","Prince","Daddy Pop","Diamonds and Pearls Deluxe","2023"
"661","Prince","Darkside","Diamonds and Pearls Deluxe","2023"
"662","Prince","United States of Division","Non-album singles","2024"
"663","Prince","Magnificent","Non-album singles","2024"
"664","Prince","Silver Tongue","Non-album singles","2024"
"665","Bob Dylan","Mixed-Up Confusion","Non-album track / Side Tracks","1962"
"666","Bob Dylan","Corrina Corrina","Non-album track / Side Tracks","1962"
"667","Bob Dylan","Blowin' in the Wind","The Freewheelin' Bob Dylan","1963"
"668","Bob Dylan","Don't Think Twice, It's Alright","The Freewheelin' Bob Dylan","1963"
"669","Bob Dylan","The Times They Are a-Changin'","The Times They Are A-Changin'","1965"
"670","Bob Dylan","Honey, Just Allow Me One More Chance","The Times They Are A-Changin'","1965"
"671","Bob Dylan","Subterranean Homesick Blues","Bringing It All Back Home","1965"
"672","Bob Dylan","She Belongs to Me","Bringing It All Back Home","1965"
"673","Bob Dylan","Maggie's Farm","Bringing It All Back Home","1965"
"674","Bob Dylan","On the Road Again","Bringing It All Back Home","1965"
"675","Bob Dylan","Like a Rolling Stone","Highway 61 Revisited","1965"
"676","Bob Dylan","Gates of Eden","Highway 61 Revisited","1965"
"677","Bob Dylan","Positively 4th Street","Non-album track / Bob Dylan's Greatest Hits","1965"
"678","Bob Dylan","From a Buick 6","Non-album track / Bob Dylan's Greatest Hits","1965"
"679","Bob Dylan","Can You Please Crawl Out Your Window?","Non-album track / Biograph","1965"
"680","Bob Dylan","Highway 61 Revisited","Non-album track / Biograph","1965"
"681","Bob Dylan","One of","Blonde on Blonde","1966"
"682","Bob Dylan","Queen Jane Approximately","Blonde on Blonde","1966"
"683","Bob Dylan","Rainy Day Women ♯12 & 35","Blonde on Blonde","1966"
"684","Bob Dylan","Pledging My Time","Blonde on Blonde","1966"
"685","Bob Dylan","I Want You","Blonde on Blonde","1966"
"686","Bob Dylan","Just Like Tom Thumb's Blues","Blonde on Blonde","1966"
"687","Bob Dylan","Just Like a Woman","Blonde on Blonde","1966"
"688","Bob Dylan","Obviously 5 Believers","Blonde on Blonde","1966"
"689","Bob Dylan","Leopard-Skin Pill-Box Hat","Blonde on Blonde","1967"
"690","Bob Dylan","Most Likely You Go Your Way and I'll Go Mine","Blonde on Blonde","1967"
"691","Bob Dylan","If You Gotta Go, Go Now","Non-album track / The Bootleg Series Volumes 1–3 (Rare & Unreleased) 1961–1991","1967"
"692","Bob Dylan","To Ramona","Non-album track / The Bootleg Series Volumes 1–3 (Rare & Unreleased) 1961–1991","1967"
"693","Bob Dylan","All Along the Watchtower","John Wesley Harding","1968"
"694","Bob Dylan","I'll Be Your Baby Tonight","John Wesley Harding","1968"
"695","Bob Dylan","I Threw It All Away","Nashville Skyline","1969"
"696","Bob Dylan","Drifter's Escape","Nashville Skyline","1969"
"697","Bob Dylan","Lay Lady Lay","Nashville Skyline","1969"
"698","Bob Dylan","Peggy Day","Nashville Skyline","1969"
"699","Bob Dylan","Tonight I'll Be Staying Here with You","Nashville Skyline","1969"
"700","Bob Dylan","Country Pie","Nashville Skyline","1969"
"701","Bob Dylan","Wigwam","Self Portrait","1970"
"702","Bob Dylan","Copper Kettle","Self Portrait","1970"
"703","Bob Dylan","Watching the River Flow","Non-album tracks / Bob Dylan's Greatest Hits Vol. II","1971"
"704","Bob Dylan","Spanish Is the Loving Tongue","Non-album tracks / Bob Dylan's Greatest Hits Vol. II","1971"
"705","Bob Dylan","George Jackson","Non-album tracks / Side Tracks","1971"
"706","Bob Dylan","If Not for You","New Morning","1972"
"707","Bob Dylan","Tomorrow Is a Long Time","New Morning","1972"
"708","Bob Dylan","Knockin' on Heaven's Door","Pat Garrett & Billy the Kid","1973"
"709","Bob Dylan","Turkey Chase","Pat Garrett & Billy the Kid","1973"
"710","Bob Dylan","A Fool Such as I","Dylan","1973"
"711","Bob Dylan","Lily of the West","Dylan","1973"
"712","Bob Dylan","On a Night Like This","Planet Waves","1974"
"713","Bob Dylan","You Angel You","Planet Waves","1974"
"714","Bob Dylan","Something There Is About You","Planet Waves","1974"
"715","Bob Dylan","Tough Mama","Planet Waves","1974"
"716","Bob Dylan","Most Likely You Go Your Way","Before the Flood","1974"
"717","Bob Dylan","Stage Fright","Before the Flood","1974"
"718","Bob Dylan","It Ain't Me Babe","Before the Flood","1974"
"719","Bob Dylan","Tangled Up in Blue","Blood on the Tracks","1975"
"720","Bob Dylan","If You See Her, Say Hello","Blood on the Tracks","1975"
"721","Bob Dylan","Million Dollar Bash","The Basement Tapes","1975"
"722","Bob Dylan","Tears of Rage","The Basement Tapes","1975"
"723","Bob Dylan","Hurricane","Desire","1975"
"724","Bob Dylan","Hurricane Part II","Desire","1975"
"725","Bob Dylan","Mozambique","Desire","1976"
"726","Bob Dylan","Oh, Sister","Desire","1976"
"727","Bob Dylan","Stuck Inside of Mobile with the Memphis Blues Again","Hard Rain","1976"
"728","Bob Dylan","Rita May","Hard Rain","1976"
"729","Bob Dylan","Baby, Stop Crying","Street Legal","1978"
"730","Bob Dylan","New Pony","Street Legal","1978"
"731","Bob Dylan","Is Your Love in Vain?","Street Legal","1978"
"732","Bob Dylan","We Better Talk This Over","Street Legal","1978"
"733","Bob Dylan","Changing of the Guards","Street Legal","1978"
"734","Bob Dylan","Señor","Street Legal","1978"
"735","Bob Dylan","Love Min","Bob Dylan at Budokan","1978"
"736","Bob Dylan","Is Your Love in Vain","Bob Dylan at Budokan","1978"
"737","Bob Dylan","Forever Young","Bob Dylan at Budokan","1979"
"738","Bob Dylan","All Along the Watchtower and I Want You","Bob Dylan at Budokan","1979"
"739","Bob Dylan","Gotta Serve Somebody","Slow Train Coming","1979"
"740","Bob Dylan","Trouble in Mind","Slow Train Coming","1979"
"741","Bob Dylan","Precio","Slow Train Coming","1979"
"742","Bob Dylan","Man Gave Names to All the Animals","Slow Train Coming","1980"
"743","Bob Dylan","When You Gonna Wake Up","Slow Train Coming","1980"
"744","Bob Dylan","Slow Train","Slow Train Coming","1980"
"745","Bob Dylan","Do Right to Me Baby","Slow Train Coming","1980"
"746","Bob Dylan","Solid Rock","Saved","1980"
"747","Bob Dylan","Covenant Woman","Saved","1980"
"748","Bob Dylan","Saved","Saved","1980"
"749","Bob Dylan","Are You Ready","Saved","1980"
"750","Bob Dylan","Shot of Love","Shot of Love","1981"
"751","Bob Dylan","Heart of Mine","Shot of Love","1981"
"752","Bob Dylan","The Groom's Still Waiting at the Altar","Shot of Love","1981"
"753","Bob Dylan","Union Sundown","Infidels","1983"
"754","Bob Dylan","Angel Flying Too Close to the Ground","Infidels","1983"
"755","Bob Dylan","Sweetheart Like You","Infidels","1984"
"756","Bob Dylan","Jokerman","Infidels","1984"
"757","Bob Dylan","Isis","Infidels","1984"
"758","Bob Dylan","Tight Connection to My Heart","Empire Burlesque","1985"
"759","Bob Dylan","Emotionally Yours","Empire Burlesque","1985"
"760","Bob Dylan","When the Night Comes Falling from the Sky","Empire Burlesque","1985"
"761","Bob Dylan","Band of the Hand","Band of the Hand","1986"
"762","Bob Dylan","Theme from Joe's Death","Band of the Hand","1986"
"763","Bob Dylan","Got My Mind Made Up","Knocked Out Loaded","1986"
"764","Bob Dylan","Brownsville Girl","Knocked Out Loaded","1986"
"765","Bob Dylan","The Usual","Hearts of Fire","1987"
"766","Bob Dylan","Silvio","Down in the Groove","1988"
"767","Bob Dylan","Driftin' Too Far from Shore","Down in the Groove","1988"
"768","Bob Dylan","Everything Is Broken","Oh Mercy","1989"
"769","Bob Dylan","Political World","Oh Mercy","1990"
"770","Bob Dylan","Ring Them Bells","Oh Mercy","1990"
"771","Bob Dylan","Most of the Time","Oh Mercy","1990"
"772","Bob Dylan","Unbelievable","Under the Red Sky","1990"
"773","Bob Dylan","Series of Dreams","The Bootleg Series Volumes 1–3 (Rare & Unreleased) 1961–1991","1991"
"774","Bob Dylan","Step It Up and Go","Good as I Been to You","1992"
"775","Bob Dylan","My Back Pages","The 30th Anniversary Concert Celebration","1993"
"776","Bob Dylan","Dignity","Bob Dylan's Greatest Hits Volume 3","1994"
"777","Bob Dylan","John Brown , It Ain't Me Babe","MTV Unplugged","1995"
"778","Bob Dylan","Not Dark Yet","Time out of Mind","1997"
"779","Bob Dylan","Tombstone Blues","Time out of Mind","1997"
"780","Bob Dylan","Love Sick","Time out of Mind","1998"
"781","Bob Dylan","Love Sick , Blind Willie McTell","Time out of Mind","1998"
"782","Bob Dylan","Things Have Changed","Wonder Boys","2000"
"783","Bob Dylan","Blind Willie McTell","Wonder Boys","2000"
"784","Bob Dylan","Tweedle Dee & Tweedle Dum","Love and Theft","2001"
"785","Bob Dylan","Bye and Bye","Love and Theft","2001"
"786","Bob Dylan","Someday Baby","Modern Times","2006"
"787","Bob Dylan","original version","Non-album track","2007"
"788","Bob Dylan","Discover Bob Dylan EP","Dylan","2008"
"789","Bob Dylan","Dreamin' of You","The Bootleg Series Volume 8: Tell Tale Signs","2009"
"790","Bob Dylan","Down Along the Cove","The Bootleg Series Volume 8: Tell Tale Signs","2009"
"791","Bob Dylan","Beyond Here Lies Nothin'","Together Through Life","2009"
"792","Bob Dylan","I Feel a Change Comin' On","Together Through Life","2009"
"793","Bob Dylan","Must Be Santa","Christmas in the Heart","2009"
"794","Bob Dylan","Twas the Night Before Christmas","Christmas in the Heart","2009"
"795","Bob Dylan","Make You Feel My Love","Dylan","2010"
"796","Bob Dylan","Early Roman Kings","Tempest","2012"
"797","Bob Dylan","Duquesne Whistle","Tempest","2012"
"798","Bob Dylan","Meet Me in the Morning","Tempest","2012"
"799","Bob Dylan","Thirsty Boots","Record Store Day exclusive / The Bootleg Series Vol. 10: Another Self Portrait","2013"
"800","Bob Dylan","Motherless Children","Non-album track (studio take on The 50th Anniversary Collection)","2013"
"801","Bob Dylan","Odds and Ends","The Bootleg Series Vol. 11: The Basement Tapes Raw","2014"
"802","Bob Dylan","Full Moon and Empty Arms","Shadows in the Night","2014"
"803","Bob Dylan","Stay with Me","Shadows in the Night","2015"
"804","Bob Dylan","The Night We Called It a Day","Shadows in the Night","2015"
"805","Bob Dylan","Desolation Row","The Bootleg Series Vol. 12: The Cutting Edge 1965–1966","2015"
"806","Bob Dylan","All the Way","Fallen Angels","2016"
"807","Bob Dylan","Melancholy Mood","Fallen Angels","2016"
"808","Bob Dylan","I Could Have Told You","Triplicate","2017"
"809","Bob Dylan","My One and Only Love","Triplicate","2017"
"810","Bob Dylan","Stardust","Triplicate","2017"
"811","Bob Dylan","Things We Said Today","The Art of McCartney","2017"
"812","Bob Dylan","Masters of War","Non-album track (original version on The Free Wheelin' Bob Dylan)","2018"
"813","Bob Dylan","Tell Me That It Isn't True","The Bootleg Series Vol. 15: Travelin' Thru, 1967–1969","2019"
"814","Bob Dylan","Big River","The Bootleg Series Vol. 15: Travelin' Thru, 1967–1969","2019"
"815","Bob Dylan","Murder Most Foul","Rough and Rowdy Ways","2020"
"816","Bob Dylan","I Contain Multitudes","Rough and Rowdy Ways","2020"
"817","Bob Dylan","False Prophet","Rough and Rowdy Ways","2020"
"818","Bob Dylan","Cold Irons Bound","The Bootleg Series Vol. 17: Fragments – Time Out of Mind Sessions (1996–1997)","2023"
"819","Bob Dylan","Forever Young )","The 1974 Live Recordings","2024"
"820","Bob Dylan","Source:","Source:[42]","Source:[42]"
"821","Lauryn Hill","Doo Wop","The Miseducation of Lauryn Hill","1998"
"822","Lauryn Hill","Ex-Factor","The Miseducation of Lauryn Hill","1998"
"823","Lauryn Hill","Everything Is Everything","The Miseducation of Lauryn Hill","1999"
"824","Lauryn Hill","Turn Your Lights Down Low","Chant Down Babylon","1999"
"825","Lauryn Hill","Lose Myself","Surf's Up: Music from the Motion Picture","2007"
"826","Lauryn Hill","Repercussions","Non-album singles","2010"
"827","Lauryn Hill","Neurotic Society","Non-album singles","2013"
"828","Lauryn Hill","Consumerism","Non-album singles","2013"
"829","Lauryn Hill","Feeling Good","Nina Revisited: A Tribute to Nina Simone","2015"
"830","Lauryn Hill","Guarding the Gates","Queen & Slim: The Soundtrack","2019"
"831","Lauryn Hill","Save the Day","The Rarities","2020"
